Pizzas,Hamburguesas,Hotdogs,Tacos,Mariscos,Cafeterias,Loncherias,Gorditas,Oriental,Carnitas_o_barbacoa,Bares,Otros,Cortes_de_carne,Pollo,Postres,Neverias
Mineros pizza,Hotwwils,El Amigo,Don Cuco,Los Arcos,Milk Amores,El Mesón,ETI,Ying Yun express,Santa Rosa,La Malquerida,El Atascon,Torazo Grill,Pollo Feliz,Paycho´s,Tocumbo II
Bambino´s,Al carbón,Hotwwils,La Nona,Del Golfo,Maple´s BKFST,Loncheria Ferrocarril,El comal roto,Muzashi,Padrón,Bar Chake´s,Mezquite,Asadero el viejo,Friend Chicken,La Paz,La Montañota
Pepe´s,Don Cesar,Al carbón,La fogata,Los Arcos II,El Antojito,Loncheria Denisse,Doña Tere,Miyagui,Padrón 3 generaciones,Punto Ferrocarrol,El Hijo de la ensalada,Asadero Privanza,Pollos Guicho,La Bonanza,Liz
Artisan pizza,Crustaceo Cascarudo,Las Alas,Tacos de Oro,El Oso,Loncheria Ferrocarril,Las Gorditas,Angel,Estilo New York,San Luisito,El Tarro,La Choza,Cortes Finos Privanza,San Luisito,Aladin,Los Abuelos
Angelo´s,El Zarape,Caluchos,Buffalo,Pescaderia Coral,Omelette,Loncheria Gaby,Mamá Carmelita,,Santa Cruz,Kumbala Bar,Jardines VarGo,Mezquite,El Pollo´s,Lindenau,Alaska
Donde Sea,El diablito bistro,Burguer Titos,La Chispa,Siete Mares,Lee Café,El Delirio,Parroquia,,Carnitas bien mamalonas,Mezquite,Las viandas,Taqueria Buffalo,El Pariente,Reposteria Rosita,Lupita
Leu´s,Casa Vieja,El Zarape,El Breña,Mariscos Tropicana,El Diablito,De Flores,Doña Mari,,Pistin,La Cita,Bravas,La Estación,Pikapollo,Pasteleria Mimi,La Michoacana
Pizzadero,Caluchos,Pizzadero,El Foquito,La Antojeria de Mar,Los Sabores de Frida,Lee Café,La Guera,,Hermanos Gonzalez,Baby Blue,Asadero Privanza,,Rosticeria Michel,El Antojito,
Mono´s pizza,La Paperia,Las Tortugas,La Flama,Chukys,The Italian Coffe,El Zarape,Las Chinas,,Don Pato,La Tequilera,Los Rudos,,El Ror,Valeri,
Theo´s,Pizzadero,Chilis,El Morro,Chukys II,Bizzarro Café,Casa Vieja,Fonda Doña Jose,,La Patrona,Bar balco´s & davis,Sevilla Rico Arturo,,Macpollo,Las conchitas,
Luigi Risotto,Burger Titos,Mono´s pizza,Rico´s,Sabores del Mar,La Choza,Tortas Gigantes,,,Cordero´s,Churubusco,La Cita,,Mmá Fina,Yupi,
Ital pizza,Eddie´s,Loncheria Denisse,El Mesquite,El Vecinillo,Lindenau,La cocina de Chuchis,,,El Jefe,Micheladas Manzano,El quinto rancho,,El Granjero,Los dos hermanos,
Victor´s,El Amigo,Pollo Feliz,El Güero Padilla,La Isla,Casa Vieja,La Tortugas,,,El Maravillal,Boga Bar,La flor de la chinantla,,Pizzadero,Bricia,
La Caza,Las Alas,Donde Sea,El Pastorcito,Coral,La Isla,El Güero Padilla,,,El Pariente,Litosspool Sportbar,Enebro,,El campesino ,Los portales,
La Rustica,Best Wings,Jochos,Gonza,El Caribe,Muzashi,Miky,,,El Paisano,33 Treintaytres,El Sazon de Michoacan,,El Machin,El rinconcito de San Luis,
Pizza Gamer,Los compas,Pizzanchela,Ramirez,La Trucha,Paycho´s,,,,Los Hornos,El imperio de la Cerveza,Yummy,,,Kuskos,
Pizzanchela,El Tio,El Cachibombo,De Chilo,La Cevicheria,Plan B,,,,El gran borrego de oro,Western Tex-Mex,Mango Mix,,,Milk amores,
,El Breña,,,,De Flores,,,,Pp´s barbacoa,Cerveceria Los Chinos,El Potzolazo,,,Gran Via,
,Pizzanchela,,,,Maria Bonita,,,,,,Los Frijoles Charros,,,The Italian Coffe,
,,,,,Dolce Caramell,,,,,,Color con Sabor,,,,
,,,,,El Tehado,,,,,,La Estación,,,,
